{
    "id": "pf2e-sar-in-search-of-sanity",
    "title": "PF2e Strange Aeons Redux: In Search of Sanity",
    "description": "Begin Strange Aeons in Pathfinder Second Edition!",
    "version": "1.1.0",
    "minimumCoreVersion": "10",
    "compatibleCoreVersion": "12",
    "compatibility": {
        "minimum": "10",
        "verified": "12"
    },
    "packs": [
        {
            "name": "in-search-of-sanity-creatures",
            "label": "In Search of Sanity Creatures",
            "path": "./packs/creatures.db",
            "type": "Actor",
            "system": "pf2e"
        },
        {
            "name": "in-search-of-sanity-items",
            "label": "In Search of Sanity Items",
            "path": "./packs/items.db",
            "type": "Item",
            "system": "pf2e"
        },
        {
            "name": "in-search-of-sanity-scenes",
            "label": "In Search of Sanity Scenes",
            "path": "./packs/scenes.db",
            "type": "Scene"
        },
        {
            "name": "in-search-of-sanity-journal-entries",
            "label": "In Search of Sanity Entries",
            "path": "./packs/journal-entries.db",
            "type": "JournalEntry"
        },
{
            "name": "in-search-of-sanity-adventure",
            "label": "In Search of Sanity Adventure",
            "path": "./packs/adventure.db",
            "type": "Adventure",
            "system": "pf2e"
        }
    ]

  }
